x1;x2;x3;x4;x5;x6;x7;x8;x9;x10;x11;x12;x13;x14;x15;x16;y
113.86;1.00;2.01;3.00;1.09;2.00;0.06;14.62;3.69;4.11;3.00;3.00;5.00;0.28;150.00;75.00;Chinense
92.00;1.00;2.02;4.00;0.87;1.00;0.32;10.06;4.79;5.01;4.00;2.00;6.00;0.51;175.00;46.00;Chinense
113.61;3.00;1.66;4.00;1.05;2.00;0.31;14.90;3.53;4.01;4.00;2.00;4.00;0.32;158.00;72.00;Chinense
102.25;3.00;1.81;4.00;0.97;2.00;0.09;12.37;4.33;4.46;2.00;2.00;6.00;0.42;168.00;61.00;Chinense
124.54;1.00;2.53;2.00;0.68;4.00;0.36;9.01;4.84;5.24;5.00;1.00;6.00;0.48;176.00;54.00;Chinense
55.43;1.00;2.39;3.00;0.89;2.00;0.29;11.90;5.24;5.61;3.00;2.00;6.00;0.46;159.00;55.00;Chinense
115.88;1.00;2.08;6.00;0.62;2.00;0.17;14.47;4.03;4.30;2.00;2.00;5.00;0.41;120.00;71.00;Chinense
125.94;2.00;1.96;3.00;1.18;2.00;0.40;17.59;3.63;3.60;3.00;1.00;9.00;0.51;205.00;102.00;Chinense
157.78;3.00;2.05;4.00;1.00;3.00;0.29;13.30;3.72;3.95;3.00;1.00;6.00;0.45;128.00;73.00;Chinense
127.13;2.00;2.29;2.00;1.36;1.00;0.32;16.11;3.81;4.14;3.00;1.00;5.00;0.48;204.00;97.00;Chinense
114.95;1.00;1.89;3.00;1.20;2.00;0.22;18.63;3.33;3.30;3.00;1.00;6.00;0.50;179.00;99.00;Chinense
151.64;1.00;1.30;5.00;1.05;2.00;0.29;16.40;2.82;2.99;3.00;2.00;6.00;0.42;166.00;85.00;Chinense
119.87;1.00;1.82;2.00;1.01;2.00;0.26;15.67;3.63;4.21;4.00;2.00;6.00;0.62;150.00;82.00;Chinense
91.75;1.00;2.49;3.00;0.89;3.00;0.28;11.20;5.06;5.19;4.00;1.00;5.00;0.63;169.00;60.00;Chinense
104.30;2.00;1.88;1.00;0.87;4.00;0.13;13.38;4.57;4.64;4.00;1.00;6.00;0.41;112.00;63.00;Chinense
111.45;1.00;2.35;5.00;0.74;1.00;0.14;11.34;4.65;4.81;2.00;2.00;6.00;0.58;139.00;58.00;Chinense
89.67;1.00;3.19;3.00;1.00;3.00;0.33;9.84;5.96;6.05;4.00;3.00;6.00;0.91;139.00;62.00;Chinense
116.85;3.00;2.91;3.00;0.91;4.00;0.26;8.80;5.48;5.77;3.00;2.00;6.00;0.68;147.00;56.00;Chinense
85.85;1.00;2.23;3.00;1.05;1.00;0.09;13.07;4.63;4.98;3.00;3.00;7.00;0.59;150.00;64.00;Chinense
125.68;1.00;1.77;2.00;1.27;2.00;0.30;16.64;3.43;3.61;4.00;2.00;7.00;0.45;200.00;90.00;Chinense
118.00;2.00;1.88;2.00;1.06;2.00;0.14;15.84;3.94;4.13;3.00;3.00;4.00;0.55;143.00;85.00;Chinense
137.99;1.00;1.56;3.00;1.08;2.00;0.19;15.45;3.10;3.41;3.00;2.00;5.00;0.45;176.00;78.00;Chinense
82.74;1.00;2.28;3.00;0.99;1.00;0.31;12.19;4.88;4.98;4.00;1.00;5.00;0.76;164.00;61.00;Chinense
99.77;1.00;2.69;2.00;1.02;2.00;0.31;14.11;4.66;5.02;4.00;2.00;5.00;0.59;165.00;81.00;Chinense
116.55;2.00;2.36;3.00;0.94;2.00;0.20;11.28;4.63;4.79;3.00;3.00;6.00;0.58;151.00;61.00;Chinense
151.50;1.00;1.62;3.00;0.85;1.00;0.16;14.74;3.38;3.54;3.00;3.00;6.00;0.38;105.00;76.00;Chinense
118.67;2.00;1.77;3.00;0.83;2.00;0.15;10.86;3.89;4.35;2.00;2.00;5.00;0.50;129.00;46.00;Chinense
124.72;2.00;1.69;2.00;1.31;4.00;0.25;17.20;3.14;3.41;3.00;3.00;5.00;0.42;173.00;91.00;Chinense
124.45;1.00;2.34;3.00;0.85;2.00;0.22;11.27;4.40;4.77;3.00;2.00;6.00;0.41;145.00;62.00;Chinense
124.44;2.00;1.78;3.00;1.07;2.00;0.39;16.25;3.70;3.84;3.00;2.00;7.00;0.68;153.00;87.00;Chinense
102.31;1.00;1.52;4.00;1.04;4.00;0.16;9.29;0.89;1.26;5.00;1.00;4.00;0.45;109.00;24.00;Chinense
110.67;3.00;1.15;3.00;0.82;3.00;0.15;9.54;0.69;0.82;5.00;1.00;3.00;0.74;81.00;20.00;Chinense
95.85;2.00;1.17;4.00;1.22;3.00;0.19;10.22;0.87;1.11;5.00;2.00;4.00;0.10;87.00;20.00;Chinense
104.92;1.00;1.15;3.00;1.16;2.00;0.11;10.33;0.79;0.84;4.00;1.00;5.00;0.97;72.00;17.00;Chinense
96.49;2.00;1.05;4.00;1.10;2.00;0.06;10.47;0.87;0.93;6.00;2.00;4.00;0.65;101.00;23.00;Chinense
108.93;2.00;1.21;4.00;1.34;1.00;0.30;9.57;0.94;0.92;4.00;1.00;2.00;0.50;79.00;22.00;Chinense
112.82;3.00;1.03;4.00;0.95;3.00;0.27;9.59;0.73;0.91;4.00;1.00;5.00;0.62;84.00;23.00;Chinense
103.01;3.00;1.31;3.00;0.99;2.00;0.27;9.01;1.09;1.17;5.00;1.00;3.00;0.22;104.00;25.00;Chinense
108.24;2.00;1.13;2.00;0.95;2.00;0.34;10.07;0.67;0.85;4.00;1.00;3.00;0.44;75.00;20.00;Chinense
95.70;1.00;1.25;1.00;1.21;2.00;0.18;9.66;0.95;1.21;6.00;1.00;4.00;0.12;102.00;23.00;Chinense
87.39;3.00;1.21;1.00;1.18;2.00;0.29;10.45;0.61;0.88;5.00;2.00;6.00;0.02;79.00;15.00;Chinense
98.69;2.00;0.99;3.00;1.10;1.00;0.29;10.30;0.60;0.74;7.00;1.00;4.00;0.20;85.00;22.00;Chinense
86.56;2.00;0.97;3.00;1.23;1.00;0.20;10.65;0.84;1.04;5.00;1.00;3.00;0.05;107.00;25.00;Chinense
102.73;2.00;0.95;1.00;1.24;1.00;0.14;9.92;0.61;0.99;5.00;1.00;3.00;0.71;94.00;23.00;Chinense
103.22;2.00;1.20;3.00;1.12;3.00;0.08;9.55;0.82;0.98;6.00;1.00;7.00;0.38;87.00;20.00;Chinense
92.83;3.00;1.09;3.00;1.10;4.00;0.19;10.71;0.70;0.99;4.00;1.00;4.00;0.06;86.00;21.00;Chinense
94.63;3.00;1.01;4.00;1.13;2.00;0.19;10.71;0.70;0.94;2.00;2.00;3.00;0.21;90.00;23.00;Chinense
91.12;3.00;0.91;3.00;1.26;2.00;0.28;10.57;0.80;0.97;5.00;2.00;5.00;0.09;92.00;21.00;Chinense
105.56;1.00;1.16;2.00;1.13;1.00;0.09;10.31;0.49;0.63;5.00;1.00;3.00;0.91;78.00;19.00;Chinense
98.17;1.00;1.11;4.00;1.23;1.00;0.31;10.16;0.92;0.96;6.00;2.00;3.00;0.07;68.00;16.00;Chinense
97.65;1.00;1.23;2.00;1.09;1.00;0.15;10.02;0.75;1.16;5.00;3.00;2.00;0.12;90.00;22.00;Chinense
105.94;3.00;1.17;1.00;1.10;1.00;0.19;9.41;0.97;1.03;3.00;1.00;5.00;0.38;93.00;25.00;Chinense
101.05;2.00;1.03;3.00;1.19;1.00;0.25;9.89;0.76;0.93;6.00;1.00;3.00;0.23;80.00;21.00;Chinense
103.56;3.00;1.39;3.00;1.04;1.00;0.06;9.99;0.76;0.82;3.00;2.00;4.00;0.50;90.00;23.00;Chinense
103.76;2.00;1.18;3.00;1.04;2.00;0.21;9.47;0.81;0.86;6.00;1.00;1.00;0.09;75.00;16.00;Chinense
102.89;2.00;1.31;2.00;0.94;1.00;0.23;9.79;0.82;0.86;4.00;2.00;4.00;0.56;91.00;20.00;Chinense
105.52;2.00;1.40;4.00;0.82;2.00;0.40;8.76;0.89;1.04;6.00;2.00;4.00;0.20;80.00;16.00;Chinense
101.65;2.00;1.25;1.00;0.82;3.00;0.19;8.92;1.04;1.17;3.00;2.00;5.00;0.11;82.00;16.00;Chinense
94.18;3.00;1.39;1.00;1.01;1.00;0.15;10.13;0.87;1.07;3.00;2.00;4.00;0.15;80.00;14.00;Chinense
91.03;2.00;1.11;4.00;1.14;1.00;0.20;10.71;0.80;0.99;6.00;1.00;5.00;0.09;100.00;26.00;Chinense
86.08;2.00;1.47;4.00;1.12;4.00;0.28;9.31;1.32;1.49;5.00;1.00;9.00;0.33;81.00;12.00;Chinense
90.57;3.00;1.86;3.00;1.16;5.00;0.05;10.55;1.66;1.93;8.00;2.00;8.00;0.25;75.00;13.00;Chinense
103.02;2.00;1.30;2.00;0.98;4.00;0.20;9.88;1.30;1.31;4.00;1.00;8.00;0.23;84.00;11.00;Chinense
108.90;2.00;1.24;3.00;1.03;5.00;0.34;10.00;1.17;1.19;6.00;1.00;8.00;0.17;80.00;11.00;Chinense
93.01;3.00;1.97;4.00;1.14;4.00;0.10;10.23;2.07;2.16;6.00;2.00;8.00;0.19;73.00;16.00;Chinense
94.33;2.00;1.71;4.00;1.12;4.00;0.16;9.56;1.47;1.86;5.00;1.00;8.00;0.20;82.00;14.00;Chinense
93.85;2.00;1.66;6.00;1.30;5.00;0.17;9.69;1.87;1.99;6.00;2.00;8.00;0.21;75.00;17.00;Chinense
103.69;1.00;1.53;1.00;1.10;4.00;0.17;9.46;1.38;1.73;6.00;3.00;8.00;0.30;83.00;15.00;Chinense
100.97;3.00;1.35;4.00;1.01;5.00;0.40;10.11;1.06;0.90;4.00;1.00;7.00;0.14;85.00;9.00;Chinense
81.64;1.00;2.02;3.00;1.32;5.00;0.09;10.66;2.13;2.40;6.00;3.00;7.00;0.29;60.00;17.00;Chinense
85.59;3.00;1.39;3.00;1.05;3.00;0.15;10.27;1.34;1.23;5.00;2.00;9.00;0.15;75.00;10.00;Chinense
121.13;2.00;1.27;4.00;1.03;5.00;0.33;10.20;1.19;1.47;5.00;1.00;7.00;0.08;94.00;11.00;Chinense
97.20;2.00;1.16;2.00;1.04;2.00;0.30;8.97;0.96;0.97;6.00;2.00;9.00;0.12;74.00;14.00;Chinense
109.90;3.00;1.43;2.00;1.16;5.00;0.27;9.36;1.26;1.19;5.00;3.00;9.00;0.16;101.00;10.00;Chinense
103.14;3.00;1.54;2.00;1.16;5.00;0.26;10.73;1.46;1.47;6.00;1.00;7.00;0.08;73.00;14.00;Chinense
102.89;2.00;1.73;3.00;1.07;4.00;0.32;10.27;1.54;1.68;4.00;1.00;7.00;0.46;81.00;13.00;Chinense
106.92;1.00;1.11;3.00;0.92;4.00;0.33;9.61;0.90;0.67;4.00;1.00;8.00;0.13;84.00;11.00;Chinense
116.28;3.00;1.38;3.00;0.80;4.00;0.26;9.65;1.01;1.29;4.00;2.00;6.00;0.21;93.00;11.00;Chinense
103.91;2.00;1.51;2.00;1.10;6.00;0.53;9.80;1.30;1.14;5.00;3.00;9.00;0.17;84.00;12.00;Chinense
122.89;2.00;1.42;3.00;0.92;4.00;0.44;9.79;1.15;1.27;7.00;1.00;7.00;0.23;98.00;11.00;Chinense
107.92;2.00;1.86;4.00;1.21;3.00;0.29;10.28;1.87;2.28;6.00;2.00;8.00;0.39;92.00;13.00;Chinense
104.18;3.00;1.85;3.00;1.34;3.00;0.36;10.07;1.50;1.65;4.00;1.00;5.00;0.25;76.00;16.00;Chinense
88.69;2.00;1.55;4.00;1.23;3.00;0.25;10.17;1.54;1.65;4.00;1.00;6.00;0.21;73.00;13.00;Chinense
97.13;2.00;1.85;1.00;1.33;6.00;0.24;10.08;2.01;2.26;3.00;2.00;7.00;0.25;75.00;17.00;Chinense
115.83;1.00;1.35;5.00;1.04;2.00;0.31;9.65;0.70;0.84;4.00;1.00;8.00;0.19;86.00;11.00;Chinense
107.73;2.00;1.45;2.00;0.86;5.00;0.15;9.77;1.45;1.65;4.00;1.00;9.00;0.37;88.00;13.00;Chinense
95.51;3.00;1.88;3.00;1.13;2.00;0.24;10.27;1.59;2.01;4.00;1.00;8.00;0.48;73.00;16.00;Chinense
112.81;3.00;1.32;2.00;1.02;5.00;0.30;9.30;1.19;1.28;6.00;3.00;8.00;0.01;87.00;14.00;Chinense
81.97;2.00;1.92;4.00;1.22;3.00;0.14;10.77;1.94;2.30;6.00;2.00;6.00;0.09;62.00;16.00;Chinense
96.83;2.00;1.60;3.00;1.21;5.00;0.09;10.11;1.36;1.60;6.00;1.00;9.00;0.08;74.00;14.00;Chinense
67.89;1.00;1.36;3.00;1.01;3.00;0.14;12.22;0.73;1.08;5.00;1.00;7.00;0.03;121.00;45.00;Chinense
65.79;1.00;1.48;2.00;0.97;3.00;0.24;11.64;0.91;1.10;7.00;1.00;5.00;0.00;116.00;44.00;Chinense
73.89;2.00;1.18;3.00;0.97;1.00;0.38;10.88;0.60;0.61;6.00;1.00;5.00;0.09;88.00;49.00;Chinense
70.70;2.00;1.48;2.00;0.93;2.00;0.18;12.99;0.72;0.97;4.00;1.00;5.00;0.06;124.00;41.00;Chinense
64.68;1.00;1.37;3.00;0.80;2.00;0.22;12.31;0.87;1.14;5.00;1.00;7.00;0.12;125.00;43.00;Chinense
69.97;2.00;1.31;1.00;1.02;2.00;0.11;11.72;0.81;0.85;6.00;3.00;5.00;0.14;114.00;43.00;Chinense
77.05;1.00;1.60;2.00;0.87;3.00;0.31;12.56;0.76;1.04;6.00;2.00;7.00;0.17;106.00;34.00;Chinense
65.49;3.00;1.34;2.00;1.26;1.00;0.25;11.74;0.96;1.14;6.00;2.00;6.00;0.15;110.00;47.00;Chinense
77.01;1.00;1.47;2.00;1.04;1.00;0.30;11.52;0.83;0.65;4.00;3.00;5.00;0.17;88.00;42.00;Chinense
72.74;2.00;1.60;2.00;0.76;2.00;0.32;12.41;0.81;0.98;6.00;1.00;4.00;0.20;116.00;39.00;Chinense
66.35;2.00;1.35;2.00;0.78;3.00;0.46;11.59;0.65;0.83;6.00;1.00;4.00;0.10;122.00;46.00;Chinense
64.83;4.00;1.18;1.00;1.03;2.00;0.15;12.18;0.45;0.63;6.00;1.00;4.00;0.12;124.00;53.00;Chinense
65.45;3.00;1.44;2.00;1.05;4.00;0.26;12.45;0.93;1.17;6.00;2.00;7.00;0.35;123.00;46.00;Chinense
65.12;1.00;1.41;1.00;0.93;2.00;0.14;11.15;0.84;0.97;3.00;1.00;5.00;0.08;113.00;46.00;Chinense
71.01;1.00;1.28;3.00;0.69;3.00;0.09;12.23;0.63;0.70;6.00;1.00;5.00;0.07;118.00;47.00;Chinense
60.22;1.00;1.52;2.00;0.96;3.00;0.26;12.07;0.83;1.04;5.00;2.00;5.00;0.03;132.00;47.00;Chinense
64.00;2.00;1.24;1.00;1.07;1.00;0.20;10.16;0.77;1.05;6.00;1.00;5.00;0.13;103.00;45.00;Chinense
62.52;1.00;1.58;2.00;0.88;1.00;0.07;12.83;0.89;1.16;6.00;1.00;7.00;0.17;136.00;42.00;Chinense
71.07;1.00;1.41;3.00;0.97;2.00;0.38;10.24;0.78;1.04;6.00;1.00;4.00;0.09;92.00;37.00;Chinense
70.43;1.00;1.64;2.00;1.17;3.00;0.11;11.20;0.65;0.88;6.00;2.00;6.00;0.21;108.00;38.00;Chinense
75.65;1.00;1.16;3.00;0.87;3.00;0.10;12.77;0.69;0.72;5.00;1.00;5.00;0.12;116.00;44.00;Chinense
66.85;2.00;1.57;4.00;1.03;3.00;0.35;11.67;0.93;1.18;6.00;2.00;5.00;0.05;110.00;43.00;Chinense
74.96;1.00;1.50;1.00;0.99;3.00;0.09;12.44;0.66;0.80;6.00;1.00;3.00;0.09;111.00;40.00;Chinense
71.04;2.00;1.43;2.00;1.13;4.00;0.25;11.24;0.72;0.82;3.00;1.00;4.00;0.23;102.00;44.00;Chinense
69.28;1.00;1.29;2.00;0.93;3.00;0.46;12.25;0.83;1.09;4.00;1.00;4.00;0.03;116.00;42.00;Chinense
67.40;1.00;1.47;3.00;0.90;1.00;0.22;11.92;1.05;1.11;4.00;1.00;6.00;0.05;122.00;36.00;Chinense
71.51;3.00;1.34;2.00;0.90;2.00;0.26;11.42;0.81;1.08;6.00;1.00;4.00;0.07;109.00;37.00;Chinense
70.65;2.00;1.43;3.00;0.88;3.00;0.23;12.71;0.81;0.97;8.00;1.00;6.00;0.10;121.00;42.00;Chinense
71.02;1.00;1.59;3.00;1.09;3.00;0.22;12.02;0.86;1.13;5.00;1.00;5.00;0.05;105.00;42.00;Chinense
69.72;3.00;1.38;2.00;1.02;2.00;0.28;11.72;0.76;1.13;8.00;2.00;5.00;0.13;113.00;38.00;Chinense
94.42;2.00;2.70;6.00;0.88;6.00;0.32;12.45;5.17;7.71;9.00;2.00;6.00;0.72;124.00;49.00;Chinense
115.47;2.00;1.88;5.00;0.98;4.00;0.12;14.38;3.46;2.94;7.00;2.00;4.00;0.35;125.00;47.00;Chinense
88.25;3.00;2.40;5.00;1.04;4.00;0.26;12.47;4.71;6.49;7.00;5.00;4.00;0.80;127.00;50.00;Chinense
154.98;3.00;2.23;4.00;0.94;2.00;0.43;15.72;4.61;7.56;6.00;2.00;4.00;0.73;118.00;35.00;Chinense
99.83;2.00;2.31;6.00;1.17;5.00;0.34;13.69;4.12;5.75;7.00;2.00;5.00;0.56;128.00;47.00;Chinense
71.70;3.00;2.46;6.00;1.05;5.00;0.11;11.76;4.72;6.19;5.00;1.00;5.00;0.72;129.00;53.00;Chinense
72.30;4.00;2.66;3.00;0.84;4.00;0.26;12.18;4.31;6.13;6.00;3.00;5.00;0.74;128.00;55.00;Chinense
97.80;3.00;2.47;5.00;0.96;3.00;0.35;12.95;4.76;6.98;5.00;3.00;4.00;0.87;125.00;47.00;Chinense
97.68;3.00;2.69;5.00;0.72;4.00;0.09;13.08;4.76;7.25;8.00;3.00;4.00;0.76;123.00;49.00;Chinense
128.36;2.00;2.87;4.00;0.69;3.00;0.25;15.30;5.19;10.76;7.00;3.00;6.00;0.96;121.00;38.00;Chinense
83.42;2.00;2.33;7.00;1.00;3.00;0.07;12.89;4.21;5.48;7.00;2.00;4.00;0.57;128.00;52.00;Chinense
119.58;1.00;2.33;6.00;0.94;4.00;0.18;15.14;4.19;7.17;7.00;2.00;6.00;0.57;125.00;42.00;Chinense
112.04;2.00;2.33;6.00;0.87;4.00;0.25;13.40;4.42;5.72;7.00;3.00;5.00;0.76;123.00;46.00;Chinense
109.98;2.00;2.13;4.00;0.92;4.00;0.39;13.29;4.18;4.83;7.00;3.00;5.00;0.50;125.00;47.00;Chinense
80.92;2.00;2.91;6.00;0.99;4.00;0.30;12.61;5.65;10.41;9.00;1.00;5.00;0.99;127.00;48.00;Chinense
113.67;2.00;2.54;5.00;1.03;5.00;0.40;13.63;4.89;8.07;6.00;3.00;6.00;0.94;123.00;43.00;Chinense
129.34;1.00;1.98;3.00;0.68;4.00;0.13;13.62;4.10;3.97;8.00;2.00;5.00;0.51;119.00;46.00;Chinense
98.00;3.00;2.12;3.00;0.95;4.00;0.07;12.99;4.13;4.76;8.00;3.00;5.00;0.52;126.00;50.00;Chinense
75.74;4.00;2.10;3.00;1.30;4.00;0.35;13.02;3.82;4.87;8.00;2.00;7.00;0.68;135.00;50.00;Chinense
91.94;2.00;2.10;6.00;0.87;6.00;0.17;12.48;4.18;3.76;5.00;2.00;4.00;0.47;125.00;53.00;Chinense
110.39;3.00;2.30;5.00;0.85;5.00;0.29;14.11;4.11;6.12;6.00;2.00;4.00;0.59;126.00;45.00;Chinense
117.40;1.00;1.90;7.00;0.95;4.00;0.39;14.33;3.82;4.06;7.00;2.00;5.00;0.51;127.00;44.00;Chinense
114.91;1.00;2.06;4.00;1.01;4.00;0.34;14.22;3.74;4.20;7.00;2.00;5.00;0.49;125.00;46.00;Chinense
104.87;2.00;2.01;5.00;1.11;4.00;0.15;14.28;3.75;4.65;8.00;1.00;5.00;0.60;130.00;45.00;Chinense
113.22;2.00;1.97;6.00;1.16;5.00;0.23;14.84;3.47;4.38;6.00;4.00;4.00;0.61;127.00;46.00;Chinense
94.15;3.00;2.27;6.00;0.99;4.00;0.20;12.55;4.11;4.14;9.00;2.00;5.00;0.39;128.00;49.00;Chinense
86.33;1.00;2.12;6.00;0.94;4.00;0.32;12.85;4.03;5.18;6.00;1.00;4.00;0.61;130.00;50.00;Chinense
112.85;2.00;2.00;5.00;0.86;6.00;0.16;13.28;4.22;4.20;8.00;3.00;4.00;0.49;121.00;49.00;Chinense
130.50;1.00;1.84;4.00;0.93;4.00;0.15;14.01;3.83;2.98;8.00;1.00;5.00;0.28;121.00;45.00;Chinense
89.75;2.00;2.38;5.00;0.92;5.00;0.41;13.11;4.58;6.90;7.00;1.00;5.00;0.85;128.00;48.00;Chinense
117.72;3.00;0.86;3.00;0.82;4.00;0.09;12.21;0.45;0.48;4.00;1.00;3.00;0.01;87.00;48.00;Chinense
108.71;1.00;0.83;3.00;1.04;5.00;0.04;12.02;0.30;0.55;4.00;3.00;2.00;0.07;92.00;48.00;Chinense
129.62;2.00;0.91;2.00;0.76;5.00;0.08;9.25;0.49;0.30;6.00;1.00;2.00;0.23;101.00;35.00;Chinense
119.79;2.00;0.81;1.00;0.86;5.00;0.14;9.42;0.45;0.51;4.00;3.00;4.00;0.00;97.00;34.00;Chinense
122.87;3.00;0.69;2.00;0.82;4.00;0.09;11.11;0.51;0.56;4.00;2.00;5.00;0.02;110.00;35.00;Chinense
113.63;1.00;0.89;3.00;1.02;4.00;0.03;10.69;0.47;0.52;5.00;1.00;2.00;0.10;105.00;41.00;Chinense
144.27;2.00;0.80;3.00;0.95;4.00;0.05;5.49;0.56;0.61;7.00;1.00;5.00;0.11;132.00;12.00;Chinense
116.94;1.00;0.83;5.00;1.04;3.00;0.20;10.85;0.32;0.49;5.00;2.00;2.00;0.30;103.00;38.00;Chinense
117.04;2.00;0.70;2.00;1.07;4.00;0.06;12.36;0.53;0.33;4.00;2.00;2.00;0.22;92.00;51.00;Chinense
113.87;2.00;0.89;4.00;1.02;4.00;0.15;9.49;0.28;0.42;6.00;4.00;2.00;0.12;102.00;37.00;Chinense
100.87;4.00;0.77;5.00;0.92;4.00;0.05;8.62;0.49;0.51;7.00;3.00;3.00;0.13;97.00;37.00;Chinense
129.86;2.00;0.96;3.00;0.76;5.00;0.29;13.05;0.38;0.61;6.00;2.00;3.00;0.32;74.00;46.00;Chinense
145.02;2.00;0.93;3.00;0.88;5.00;0.23;9.20;0.60;0.52;6.00;2.00;3.00;0.11;117.00;24.00;Chinense
139.19;2.00;1.07;3.00;0.65;3.00;0.18;10.63;0.60;0.54;6.00;2.00;2.00;0.01;105.00;24.00;Chinense
123.21;3.00;0.90;3.00;0.78;3.00;0.09;11.88;0.62;0.59;4.00;1.00;3.00;0.07;106.00;36.00;Chinense
122.47;4.00;0.87;3.00;0.80;4.00;0.13;8.44;0.44;0.50;4.00;2.00;4.00;0.21;105.00;23.00;Chinense
137.77;3.00;0.99;3.00;0.78;4.00;0.11;14.44;0.50;0.53;5.00;3.00;2.00;0.21;87.00;44.00;Chinense
113.82;2.00;0.89;3.00;0.99;3.00;0.15;11.58;0.19;0.37;5.00;4.00;3.00;0.05;59.00;59.00;Chinense
107.09;3.00;0.74;5.00;1.03;4.00;0.01;12.73;0.52;0.53;5.00;2.00;2.00;0.10;101.00;42.00;Chinense
139.28;1.00;0.77;1.00;0.99;4.00;0.15;12.48;0.46;0.46;6.00;2.00;2.00;0.04;119.00;40.00;Chinense
127.78;2.00;0.71;3.00;0.84;3.00;0.22;6.77;0.32;0.42;5.00;3.00;3.00;0.23;114.00;32.00;Chinense
101.42;2.00;0.83;4.00;0.95;5.00;0.14;8.71;0.57;0.45;6.00;2.00;4.00;0.03;114.00;15.00;Chinense
114.56;2.00;0.79;2.00;0.76;3.00;0.08;9.19;0.28;0.25;5.00;3.00;3.00;0.10;87.00;44.00;Chinense
120.70;1.00;1.04;4.00;0.86;3.00;0.20;10.95;0.51;0.44;4.00;3.00;2.00;0.08;101.00;26.00;Chinense
125.58;2.00;0.90;4.00;0.85;3.00;0.11;11.42;0.56;0.71;7.00;2.00;2.00;0.10;117.00;20.00;Chinense
116.00;2.00;0.74;1.00;0.97;3.00;0.03;9.12;0.27;0.71;4.00;2.00;2.00;0.23;114.00;31.00;Chinense
121.15;2.00;0.77;3.00;1.05;5.00;0.25;9.68;0.37;0.50;4.00;2.00;5.00;0.06;94.00;36.00;Chinense
120.47;1;0.99;1;1.17;3;0.28;10.4;0.42;0.46;7;2;2;0;122;28;Chinense
98.66;3;0.82;3;0.98;6;0.14;5.67;0.55;0.35;5;2;5;0.04;99;29;Chinense
121.59;2;0.93;2;0.98;6;0.08;12.5;0.56;0.45;5;1;3;0.07;99;43;Chinense
113.06;1;2.15;5;0.9;4;0.28;13.39;3.09;3.42;3;2;4;0.43;113;63;Chinense
129.96;2;2.32;4;0.98;5;0.14;12.11;3.53;3.76;4;3;4;0.45;91;50;Chinense
110.3;2;2.89;3;0.62;4;0.29;13.56;6.59;7.21;3;3;6;0.65;116;54;Chinense
114.87;3;2.37;3;0.89;5;0.16;12.03;4.06;4.04;2;2;6;0.53;98;50;Chinense
107.54;3;2.55;5;1;5;0.27;13.88;5.23;5.64;3;1;8;0.66;119;59;Chinense
112.31;2;2.31;3;1.03;4;0.02;13.78;3.46;3.6;3;1;5;0.5;102;49;Chinense
110.94;1;2.68;4;0.99;4;0.26;14.1;6.59;7.39;3;2;5;0.63;123;59;Chinense
97.76;3;2.58;5;0.99;3;0.18;14.88;5.46;5.79;2;2;7;0.52;125;57;Chinense
108.52;1;2.43;4;0.92;4;0.32;13.11;5.59;6.18;4;2;5;0.61;118;59;Chinense
97.93;1;2.35;2;0.96;3;0.24;14.42;4.87;5.02;4;2;8;0.47;125;60;Chinense
110.47;1;2.69;4;0.87;3;0.19;14.32;5.59;6.27;2;2;6;0.87;113;51;Chinense
114.41;1;2.51;4;0.97;3;0.32;12.49;4.2;4.49;2;3;6;0.52;111;61;Chinense
103.6;1;2.46;3;0.88;4;0.34;15.71;5.52;5.63;4;3;7;0.51;124;56;Chinense
111.29;4;2.87;5;0.78;4;0.18;13.52;6.99;7.51;1;4;6;0.48;120;58;Chinense
118.33;1;2.08;3;0.93;4;0.02;13.08;4.14;4.15;3;1;4;0.37;107;57;Chinense
122.35;1;2.54;3;0.97;5;0.25;11.66;4.23;4.81;3;3;6;0.61;103;58;Chinense
112.65;1;2.5;2;0.75;5;0.22;13.74;5.83;6.57;4;2;6;0.58;110;50;Chinense
124.35;1;2.52;4;0.87;5;0.34;11.69;3.58;3.82;1;1;5;0.42;97;56;Chinense
119.42;1;2.31;3;1.05;5;0.3;10.36;4.07;4.18;3;1;7;0.68;99;57;Chinense
121.33;1;2.37;5;0.9;4;0.26;11.49;4.06;4.41;2;2;6;0.51;99;55;Chinense
117.3;3;2.45;5;0.86;2;0.19;12.68;4.21;4.36;3;1;4;0.58;105;56;Chinense
114.23;3;2.18;5;0.8;4;0.32;13.04;2.38;2.77;2;3;5;0.35;99;52;Chinense
117.88;3;2.68;5;0.82;3;0.29;13.1;6.17;6.87;2;4;8;0.82;116;60;Chinense
99.65;2;3.29;6;0.86;4;0.08;12.7;9.92;10.89;3;3;6;0.96;142;68;Chinense
119.2;2;2.82;4;1.05;5;0.48;12.07;7.44;8.21;2;4;7;0.84;114;58;Chinense
114.25;1;2.31;4;0.88;5;0.22;11.56;4.11;4.41;1;1;5;0.48;113;66;Chinense
124.86;3;2.36;6;1.02;5;0.23;13.4;4.94;5.23;3;2;7;0.4;95;44;Chinense
120.13;2;2.3;4;1.01;4;0.15;10.02;4.38;4.69;4;4;4;0.53;90;50;Chinense
118.14;2;2.75;4;0.94;6;0.41;12.69;6.33;6.87;5;4;6;0.7;114;59;Chinense
115.73;3;2.45;4;0.92;5;0.22;10.72;4.89;5.62;3;1;5;0.84;101;54;Chinense
137.69;1;3.05;4;1.22;5;0.24;11.56;7.71;7.77;2;3;10;0.8;126;85;Chinense
119.52;3;3.18;4;1.2;4;0.34;15.86;7.12;8.02;3;5;10;0.96;139;50;Chinense
140.18;1;3.12;6;1.01;6;0.4;11.52;6.97;7.25;5;4;11;0.61;151;61;Chinense
136.7;2;3.21;4;1.21;5;0.09;11.68;5.71;6.5;5;4;10;0.48;142;71;Chinense
135.03;1;3.09;6;1.12;6;0.21;13.1;5.87;6.38;4;5;10;0.64;138;70;Chinense
141.26;2;2.82;4;1.1;8;0.05;10.43;6.91;7.24;3;4;10;0.75;128;90;Chinense
118.27;1;3.22;3;1.14;4;0.25;14.63;7.49;8;3;4;10;0.87;119;77;Chinense
125.23;1;3.16;4;1.22;6;0.23;15.3;6.87;7.57;3;3;12;0.83;134;62;Chinense
144.08;1;3.1;4;1.19;5;0.21;10.11;5.91;6.32;2;4;9;0.58;149;71;Chinense
141.27;1;3.01;5;1.01;6;0.33;11.31;5.93;6.68;3;5;11;0.63;154;60;Chinense
125.94;2;3.17;4;1.05;7;0.18;14.38;6.58;7.39;4;5;9;0.76;126;72;Chinense
123.48;1;2.99;4;1.11;6;0.31;13.09;6.91;7.56;3;5;9;0.85;127;76;Chinense
131.22;1;3.07;4;1.26;5;0.22;12.99;6.71;7.25;1;4;9;0.84;141;64;Chinense
139.49;1;3.13;4;1.44;4;0.19;13.72;5.66;6.34;4;5;8;0.63;159;46;Chinense
138.79;2;2.92;4;1.4;6;0.3;12.97;6.48;7.07;1;4;10;0.69;136;72;Chinense
122.11;3;3.3;5;1.34;4;0.39;15.4;6.45;7.45;3;3;8;0.81;132;63;Chinense
139.73;1;3.19;4;0.88;4;0.24;12.53;6.71;7.27;1;3;11;0.72;153;55;Chinense
130.98;1;3.11;7;1.12;5;0.37;12.91;6.13;7.05;4;3;10;0.61;145;61;Chinense
135.04;2;3.09;4;1.33;6;0.2;12.59;5.76;6.47;3;5;9;0.65;151;57;Chinense
135.32;1;3.09;6;0.87;3;0.16;11.8;6.16;6.83;3;3;12;0.81;145;67;Chinense
144.83;2;2.85;5;1.12;5;0.32;10.79;6.02;6.49;5;4;9;0.88;124;96;Chinense
134.94;1;2.89;3;1.17;4;0.08;13.29;7.39;7.64;3;2;10;0.77;128;76;Chinense
129.07;1;3.05;5;1.54;6;0.14;14.17;5.46;6.43;2;4;10;0.61;144;59;Chinense
133.34;1;3.08;5;1.14;4;0.06;12.72;6.01;6.81;1;5;11;0.66;138;70;Chinense
130.74;3;3.19;3;1.18;5;0.26;14.9;7.04;7.61;3;5;8;0.67;139;58;Chinense
125.73;1;3.13;3;1.36;5;0.36;15.12;6.78;7.5;3;4;9;0.8;122;74;Chinense
127.31;1;3.14;4;1.28;5;0.21;14.46;7.06;7.89;3;6;10;0.94;137;61;Chinense
117.81;2;3.18;3;1.23;5;0.33;16.18;7.35;8.09;3;5;9;0.75;146;42;Chinense
133.33;1;3;5;1.05;5;0.05;12.08;6.47;7.11;2;2;10;0.76;142;67;Chinense
147.31;2;3.19;4;0.91;4;0.39;10.12;6.22;6.83;3;6;9;0.47;144;77;Chinense
99.36;1;3.48;3;0.76;6;0.34;11.83;7.93;8.44;4;1;8;1.05;109;38;Chinense
98.12;1;3.53;5;0.95;4;0.2;12.51;7.32;7.8;3;3;9;0.84;100;40;Chinense
87.04;1;3.51;5;0.7;2;0.09;13.92;7.5;7.98;2;3;9;0.91;100;43;Chinense
97.79;1;3.33;4;0.87;5;0.1;13;7.25;7.81;3;2;10;0.8;99;40;Chinense
107.03;1;2.93;4;0.66;4;0.35;11.01;6.68;6.93;3;4;7;0.86;107;37;Chinense
101.9;2;4.3;4;0.93;6;0.22;13.08;10.24;10.43;2;2;8;1.26;99;44;Chinense
106.3;1;3.03;4;0.88;6;0.03;8.8;8.01;8.49;3;3;8;0.85;115;48;Chinense
100.1;2;3.14;3;0.91;4;0.01;11.75;6.4;6.75;3;2;9;0.63;114;32;Chinense
86.55;3;3.89;4;0.72;3;0.19;13.78;8.88;9.02;3;5;8;0.98;104;44;Chinense
107.72;1;3.15;3;1.24;4;0.12;9.56;8.1;8.35;2;3;8;0.74;112;44;Chinense
107.97;1;3.39;4;0.88;3;0.17;11.41;7.56;8.02;2;2;9;0.87;100;40;Chinense
85.03;1;3.31;4;0.88;5;0.2;14.52;6.32;6.38;4;4;9;0.86;108;31;Chinense
105.93;3;3.86;4;0.8;6;0.31;10.46;9.96;10.53;3;3;9;0.99;97;57;Chinense
102.93;2;3.21;4;0.89;4;0.34;11.05;7.24;7.67;4;4;7;0.91;107;41;Chinense
101.96;2;2.58;3;0.7;3;0.19;10.34;6.16;6.41;3;5;10;0.68;111;41;Chinense
120.18;1;3.31;4;0.87;6;0.11;9.55;9.18;9.57;3;2;7;0.95;104;43;Chinense
106.68;2;3.58;5;0.89;5;0.31;12.44;7.33;7.59;4;3;10;0.91;98;36;Chinense
117.35;1;4.28;5;0.96;3;0.34;10.62;11.17;11.62;4;4;8;1.12;97;49;Chinense
110.43;3;4.13;3;0.85;5;0.19;12.31;9.66;10.2;3;3;7;1.21;94;43;Chinense
111.47;1;2.94;4;0.94;4;0.2;10.87;7.32;7.87;5;4;7;1.02;97;43;Chinense
94.13;1;2.86;3;0.85;4;0.17;11.77;6.58;7.07;3;2;9;0.84;104;43;Chinense
102.1;1;3.16;3;0.99;4;0.23;10.66;8.31;8.63;3;4;7;0.99;109;45;Chinense
110.8;1;3.69;3;0.97;4;0.24;11.27;9.34;9.93;5;1;9;0.96;103;42;Chinense
100.24;1;3.94;4;0.8;5;0.37;12.92;9.61;9.64;2;4;7;1.2;93;48;Chinense
104.42;1;3.17;2;0.76;4;0.21;11.12;7.84;8.25;3;3;7;0.83;103;45;Chinense
92.84;1;3.64;3;0.85;5;0.16;11.41;8.89;9.24;3;3;10;0.94;105;52;Chinense
110.64;1;3.82;4;1.02;4;0.22;11.26;10.22;10.32;3;3;7;1.14;99;46;Chinense
99.81;1;3.6;5;0.98;5;0.17;11.49;8.09;8.38;2;4;9;0.93;104;46;Chinense
87.22;1;3.26;3;0.85;4;0.12;12.88;6.77;7.2;3;2;7;0.78;107;41;Chinense
106.97;1;3.52;4;0.69;2;0.27;11.68;8.2;8.64;2;5;10;0.92;101;39;Chinense
111.53;3;1.57;2;1.05;4;0.33;12.95;4.29;4.36;4;2;7;0.44;147;32;Chinense
111.28;3;1.46;1;0.99;3;0.18;13.53;4.27;4.71;4;2;5;0.45;134;67;Chinense
104.92;4;1.17;2;0.86;3;0.35;13.66;3.52;3.97;6;3;7;0.54;131;41;Chinense
113.63;2;1.87;3;1;4;0.34;13.27;4.88;5.31;5;2;9;0.46;144;53;Chinense
129.51;2;1.19;2;0.94;4;0.49;11.52;3.79;4.08;4;2;7;0.28;159;56;Chinense
103.95;3;1.66;2;1.11;5;0.24;13.96;4.15;4.34;5;3;6;0.55;130;47;Chinense
107.75;2;1.5;1;1.3;3;0.37;13.67;4.05;4.34;5;3;8;0.46;133;51;Chinense
114.11;3;1.33;1;1.14;5;0.2;12.49;3.58;3.88;5;3;7;0.44;149;28;Chinense
116.94;1;1.44;1;0.87;4;0.49;12.94;4.57;4.58;6;3;7;0.49;147;54;Chinense
120.54;3;1.3;2;1.01;6;0.58;12.5;3.02;3.13;7;1;8;0.24;138;60;Chinense
111.8;4;1.54;2;1.03;4;0.18;13.07;4.18;4.5;4;3;6;0.53;143;43;Chinense
115.26;2;1.47;4;1.11;4;0.36;12.97;3.65;3.98;6;1;7;0.36;145;36;Chinense
110.9;2;1.68;2;1.04;3;0.22;12.89;5.11;5.46;5;3;7;0.61;155;31;Chinense
119.34;1;1.64;3;1.28;4;0.27;12.37;3.77;4.29;4;2;5;0.62;154;32;Chinense
114.21;2;1.33;3;1.02;4;0.45;13.28;4;4.43;4;1;8;0.46;132;74;Chinense
126.95;4;1.42;2;0.98;5;0.1;12.29;2.63;2.76;5;2;8;0.53;140;66;Chinense
119.25;4;1.42;2;1.09;4;0.3;12.96;3.85;4.28;6;1;6;0.46;142;62;Chinense
127.43;2;1.5;2;1;6;0.38;12.43;3.4;3.69;5;2;8;0.33;142;76;Chinense
139.79;3;1.53;2;0.88;3;0.1;11.07;3.29;3.48;5;2;7;0.45;164;60;Chinense
111.22;2;1.59;1;1.13;5;0.48;13.39;5.59;6.05;5;1;7;0.39;144;64;Chinense
106.54;2;1.1;1;0.9;2;0.17;13.1;2.88;3;4;3;5;0.27;133;33;Chinense
117.96;3;1.55;1;1.14;4;0.39;12.74;4.54;5.03;3;2;5;0.59;148;56;Chinense
106.11;4;1.41;2;1.21;5;0.16;12.98;4.52;4.76;6;1;8;0.49;148;20;Chinense
117.73;3;1.4;1;0.95;6;0.23;12.71;4.28;4.59;3;1;6;0.35;145;58;Chinense
115.79;3;1.55;2;0.93;5;0.43;13.09;3.24;3.73;5;3;8;0.41;132;62;Chinense
112.19;3;1.26;1;0.98;4;0.35;13.43;4.07;4.08;5;1;7;0.37;133;65;Chinense
121.12;2;1.82;1;1.13;4;0.18;12.68;4.58;4.97;6;3;6;0.54;150;57;Chinense
122.29;2;1.77;1;1.04;4;0.31;12.36;4.09;4.51;5;2;6;0.49;156;39;Chinense
113.06;2;1.38;1;0.96;4;0.39;12.79;5.01;5.35;5;3;6;0.59;149;52;Chinense
110.26;1;1.21;1;1.13;2;0.09;13.43;3.79;4.32;5;2;7;0.6;136;54;Chinense
119.53;1;1.22;2;1.3;3;0.22;12.51;1.15;1.18;6;1;8;0.04;122;64;Chinense
100.53;2;1.31;1;1.19;3;0.21;11.26;1.03;1.28;5;1;7;0.14;124;63;Chinense
89.21;3;1.34;4;1.02;4;0.23;10.67;1.22;1.26;6;2;9;0.16;137;65;Chinense
127.2;2;1.22;3;1.27;4;0.2;12.08;0.9;1.19;6;1;7;0.03;120;66;Chinense
132.92;3;1.39;3;1.33;5;0.27;11.7;1.12;1.17;7;1;7;0.06;120;64;Chinense
114.93;3;1.23;2;0.94;5;0.25;14.81;0.93;1.31;5;1;10;0.03;129;61;Chinense
164.09;1;1.27;1;1.19;2;0.14;13.06;1.05;1.13;6;1;8;0.03;111;64;Chinense
105.13;3;1.4;1;0.92;4;0.2;13.01;1.21;1.42;4;1;9;0.22;135;62;Chinense
103.24;4;1.14;4;1.19;2;0.17;12.14;0.94;1.18;4;1;8;0.06;131;63;Chinense
90.66;2;1.28;4;1.15;3;0.15;12.29;1.01;1.31;6;1;8;0.06;134;62;Chinense
103.37;2;1.27;3;1.05;4;0.27;11.62;1.11;1.37;4;1;8;0.09;126;63;Chinense
137.64;3;1.55;3;1.23;4;0.26;7.03;1.06;1.11;5;3;7;0.08;120;68;Chinense
107.55;1;1.41;3;1.03;6;0.24;13.3;1.08;1.57;6;1;7;0.11;125;61;Chinense
129.3;2;1.34;2;1.18;4;0.28;10.99;0.97;1.03;6;2;8;0.08;115;66;Chinense
124.88;1;1.22;3;1.13;4;0.25;13.32;1.16;1.3;4;1;9;0.18;120;61;Chinense
116.42;3;1.29;3;1.16;4;0.1;10.32;1.31;1.24;5;1;8;0.03;123;65;Chinense
82.12;2;1.41;3;1.1;4;0.15;11.83;1.2;1.25;6;1;8;0.25;130;62;Chinense
112.8;3;1.26;3;1.12;4;0.22;11.81;0.94;1.06;4;2;8;0.12;123;63;Chinense
143.29;1;1.33;4;1.15;3;0.11;10.54;0.94;1.25;4;2;8;0.14;112;65;Chinense
116.41;1;1.29;3;1.11;4;0.05;9.56;1.2;1.31;6;2;7;0.2;124;65;Chinense
127.49;4;1.25;4;1.28;3;0.26;8.63;1;1.16;7;1;9;0.04;123;68;Chinense
137.34;3;1.32;2;1.1;4;0.34;13.63;1.12;1.19;5;1;8;0.14;119;64;Chinense
113.96;3;1.22;4;1.2;5;0.34;11.24;0.98;1.14;5;2;8;0.08;120;65;Chinense
106.49;1;1.21;2;1.03;4;0.08;11.98;0.97;1.34;6;1;6;0.03;130;63;Chinense
124.88;3;1.18;4;1.23;5;0.15;12.86;1.04;1.18;5;3;8;0.19;118;63;Chinense
120.07;2;1.22;3;1.13;5;0.17;12.02;0.96;1.23;5;2;8;0.2;118;63;Chinense
121.58;3;1.29;4;1.11;3;0.03;14.16;1.21;1.2;6;1;8;0.19;126;61;Chinense
165.29;3;0.98;3;1.42;4;0.11;15.34;0.82;0.99;5;1;9;0.11;107;63;Chinense
120.08;1;1.36;4;1.45;3;0.13;10.94;0.89;1.29;7;2;8;0.07;115;66;Chinense
136.07;3;1.24;2;1.12;5;0.07;11.75;0.95;0.94;5;3;8;0.1;112;65;Chinense
121.5;1;2.04;4;1.08;3;0.21;12.99;1.84;2.16;6;3;10;0.25;125;65;Chinense
111.51;2;1.81;3;1.01;4;0.01;11.81;1.65;1.83;5;1;9;0.21;118;65;Chinense
134.56;1;2.05;5;0.98;5;0.12;11.73;1.98;2.29;4;1;7;0.12;128;62;Chinense
125.84;1;1.92;6;0.93;4;0.09;12.61;1.7;2.04;5;2;9;0.22;128;64;Chinense
130.88;2;1.92;2;1.11;4;0.07;13.59;1.9;2.26;4;2;8;0.12;117;67;Chinense
111.84;2;1.83;3;0.95;4;0.11;12.6;1.74;2.03;2;3;8;0.34;130;64;Chinense
117.32;2;1.93;4;0.99;4;0.13;11;1.46;2.11;4;2;7;0.11;134;61;Chinense
122.41;1;2.04;3;1.03;4;0.2;11.26;1.6;2.29;7;2;8;0.29;128;62;Chinense
130.93;1;2.08;2;1.2;3;0.25;11.7;1.78;2.18;5;2;8;0.47;117;64;Chinense
124.76;1;1.51;4;1.02;4;0.16;10.73;1.74;2.04;6;3;7;0.14;117;64;Chinense
149.42;1;2.06;4;0.81;5;0.18;12.59;1.96;2.4;2;2;7;0.26;122;64;Chinense
124.22;1;1.98;2;1.11;4;0.21;13.28;2.04;2.05;5;3;10;0.37;113;68;Chinense
106.37;1;1.71;2;1.04;4;0.3;11.48;1.57;1.93;6;1;6;0;126;64;Chinense
100.67;1;1.81;4;0.86;5;0.18;11.51;1.38;1.93;7;1;8;0.13;128;64;Chinense
105;2;1.93;3;1.23;6;0.11;12.4;1.61;2.02;5;2;10;0.26;132;63;Chinense
100.36;2;2.03;4;1.22;4;0.08;10.93;1.31;1.92;5;2;6;0.17;123;63;Chinense
125.2;1;1.64;2;1.05;4;0.11;12.07;1.67;2.22;3;3;9;0.2;121;65;Chinense
114.03;1;1.67;3;0.96;4;0.23;11.58;1.73;2.17;6;3;10;0.22;114;66;Chinense
107.5;1;1.94;2;0.82;5;0.23;11.25;1.66;2.02;6;3;8;0.37;135;61;Chinense
102.76;2;1.56;2;1.12;5;0.31;10.31;1.52;1.7;4;3;7;0.25;109;66;Chinense
97.71;1;1.63;3;0.92;3;0.15;11.91;1.77;1.95;5;2;8;0.24;119;66;Chinense
106.05;3;2.05;2;0.96;4;0.15;11.34;1.41;1.92;4;3;8;0.31;128;62;Chinense
136.33;1;2.13;4;1.01;5;0.17;12.24;1.89;2.17;6;4;7;0.2;113;66;Chinense
89.41;1;1.93;2;1.24;3;0.25;11.91;1.31;1.88;5;4;9;0.36;126;64;Chinense
118.05;1;1.83;4;1.17;3;0.16;13.34;1.86;2.22;5;3;8;0.2;109;69;Chinense
95.86;1;1.62;3;1.24;4;0.07;10.06;1.28;1.72;4;2;9;0.14;116;64;Chinense
118.25;1;1.7;2;1.02;3;0.26;10.9;1.47;2.01;5;2;10;0.19;118;64;Chinense
92.55;1;1.95;5;1.12;5;0.17;12.34;1.58;1.96;5;2;7;0.3;133;64;Chinense
140.42;2;2.13;2;0.92;5;0.09;12.88;1.97;2.51;6;3;9;0.21;127;64;Chinense
109.62;1;1.83;2;1.12;4;0.2;11.06;1.55;1.77;6;1;7;0.24;118;64;Chinense
73.06;3;0.75;2;1.26;5;0.18;9.43;3.1;3.26;6;1;10;0.65;81;11;Frutescens
84.1;6;1.22;1;1.09;4;0.37;8.94;2.88;3.13;8;1;8;0.53;112;22;Frutescens
79;4;0.73;3;0.83;7;0.03;8.15;2.66;2.55;4;2;6;0.35;102;18;Frutescens
79.26;3;1.28;1;1.06;6;0.19;8.71;3.28;3.71;6;1;7;0.64;127;23;Frutescens
79.27;2;1.09;2;1.17;7;0.26;9.37;3.32;3.6;4;1;8;0.76;116;18;Frutescens
79.27;3;1.14;2;1.17;7;0.19;9;3.15;3.65;7;1;9;0.84;111;22;Frutescens
73.35;2;0.96;1;1.11;6;0.06;8.99;3.15;3.42;6;3;8;0.69;97;15;Frutescens
84.41;2;0.92;2;1.03;6;0.23;8.91;2.59;2.95;5;2;8;0.39;128;19;Frutescens
75.28;2;1.27;1;1.07;7;0.09;9.21;3.22;3.6;6;1;10;0.65;117;19;Frutescens
78.62;4;1.03;1;1.08;6;0.31;9.16;3.16;3.57;5;2;7;0.53;118;19;Frutescens
78.87;3;0.96;1;1.13;5;0.32;8.87;2.8;3.23;5;2;7;0.6;110;19;Frutescens
72.31;4;0.82;2;1.08;5;0.26;9.24;3.06;3.21;6;2;6;0.4;97;11;Frutescens
81.98;1;0.99;1;1;6;0.03;9.56;2.96;3.17;5;2;9;0.49;108;18;Frutescens
86.53;4;1.01;2;1.2;7;0.08;9.16;2.83;3.11;4;2;9;0.47;124;21;Frutescens
84.71;4;0.92;3;1.07;6;0.16;9.28;2.94;2.96;4;1;6;0.54;118;20;Frutescens
83.85;4;1.22;1;1.11;5;0.28;9.17;3.19;3.39;4;3;9;0.63;130;21;Frutescens
83.82;4;0.74;2;1.11;4;0.11;8.86;2.86;2.73;6;2;7;0.54;117;20;Frutescens
84.05;4;0.74;1;1.12;6;0.29;8.93;2.62;2.98;4;2;5;0.55;117;19;Frutescens
86.77;3;1.33;1;1.21;6;0.27;9.05;3.03;3.5;6;1;8;0.55;132;25;Frutescens
78.86;3;1.03;1;0.91;6;0.02;8.61;2.94;3.49;6;1;9;0.58;131;21;Frutescens
86.95;3;0.92;1;1.24;6;0.27;9.33;3.06;3.33;6;3;8;0.56;125;22;Frutescens
76.42;5;0.88;2;1.18;7;0.27;8.81;2.96;2.66;5;3;7;0.36;82;16;Frutescens
84.32;4;1.04;1;1.17;5;0.22;9.02;2.54;2.82;5;1;7;0.44;100;19;Frutescens
87.25;2;1.11;1;1.03;7;0.23;8.5;2.71;3.3;5;1;7;0.57;121;28;Frutescens
95.45;3;1.12;2;1.32;5;0.14;9.7;3.1;3.65;4;1;8;0.79;148;28;Frutescens
78.9;4;0.96;1;1.11;6;0.13;8.89;3.18;3.35;5;1;8;0.56;125;20;Frutescens
77.48;3;1.09;2;1.23;5;0.24;9.11;3.4;3.87;5;2;6;0.73;120;19;Frutescens
74.81;2;1.01;2;1.13;6;0.11;8.86;2.83;3.16;5;2;7;0.44;112;14;Frutescens
75.99;3;1.1;1;1.06;6;0.12;9;2.93;3.22;4;1;7;0.58;93;16;Frutescens
83.45;4;0.94;1;0.93;7;0.22;8.36;2.59;2.83;6;1;7;0.47;128;22;Frutescens
36.73;2;0.83;4;0.84;4;0.15;1.33;0.71;1.21;3;3;7;0.2;100;47;Frutescens
34.59;2;0.97;4;1.13;4;0.01;1.31;1.15;1.48;3;4;7;0.18;121;27;Frutescens
37.37;3;0.91;1;0.97;4;0.25;1.11;0.95;1.12;7;5;6;0.05;101;38;Frutescens
34.85;4;0.9;3;0.93;5;0.12;1.36;0.97;1.26;5;4;9;0.21;97;48;Frutescens
36.38;3;0.77;4;0.92;5;0.19;1.34;1.41;1.87;5;3;8;0.09;115;55;Frutescens
38.17;2;1.1;3;0.77;4;0.2;1.47;0.96;1.36;6;5;8;0.02;95;42;Frutescens
34.89;2;0.83;3;0.82;5;0.11;1.18;0.99;1.12;6;4;7;0.11;99;39;Frutescens
31.03;2;0.66;4;0.98;2;0.15;1.48;0.92;1.07;3;6;6;0.08;103;36;Frutescens
38.32;3;0.9;3;0.9;4;0.24;1.15;1.05;1.32;6;6;9;0.24;102;39;Frutescens
33.38;2;0.86;3;0.9;5;0.02;1.35;1.32;1.38;5;4;8;0.09;109;44;Frutescens
47.7;2;1.24;5;0.8;5;0.2;0.95;0.48;1.1;5;4;9;0.12;88;43;Frutescens
35.9;3;0.77;3;0.94;5;0.12;1.3;1.22;1.58;6;6;7;0.07;109;47;Frutescens
34.89;2;0.9;4;0.8;2;0.04;1.21;0.69;0.74;5;3;7;0.13;89;53;Frutescens
37.1;4;0.86;2;0.92;5;0.14;1.15;0.92;1.24;4;5;8;0.1;113;38;Frutescens
39.69;2;0.78;2;0.76;5;0.02;1.19;0.55;0.52;7;3;7;0.07;97;42;Frutescens
35.94;4;0.85;3;1.02;5;0.21;1.07;0.99;1.2;3;5;6;0.2;102;33;Frutescens
37.83;4;0.79;3;0.81;5;0.25;1.11;0.88;1.49;5;2;8;0.2;104;36;Frutescens
37.94;3;0.85;3;0.9;6;0.33;1.05;1.01;1.36;6;3;8;0.31;98;36;Frutescens
36.71;3;0.91;2;0.88;4;0.17;1.01;0.62;0.92;4;3;9;0.02;100;35;Frutescens
41.46;4;1.04;4;0.69;3;0.1;1.05;1.19;1.55;5;5;8;0.14;111;45;Frutescens
32.03;4;0.81;2;1.06;2;0.09;1.3;1.08;1.33;4;6;8;0.32;104;29;Frutescens
38.47;2;0.93;3;0.68;3;0.29;1.11;0.83;1.34;5;3;8;0.08;110;39;Frutescens
34.99;2;0.98;3;0.74;4;0.12;1.13;1.37;1.64;4;5;9;0.15;113;62;Frutescens
38.56;2;1.11;1;0.76;5;0.15;0.99;1.09;1.43;5;5;7;0.05;105;47;Frutescens
38.48;4;0.95;3;0.82;4;0.04;1.01;1.15;1.69;5;3;8;0.09;119;44;Frutescens
41.14;3;0.91;2;1;4;0.26;1.18;1.11;1.63;3;5;9;0.08;116;28;Frutescens
32.28;3;0.63;4;1.24;5;0.24;1.33;0.89;1.01;3;2;6;0.15;103;19;Frutescens
35.04;3;0.98;3;1.09;3;0.26;1.19;0.87;1.35;6;6;8;0.13;99;35;Frutescens
39.35;3;1.03;2;0.76;5;0.08;1.03;1.4;2;4;4;9;0.06;130;42;Frutescens
34.71;2;0.92;2;0.98;5;0.2;1.23;0.91;1.37;5;4;8;0.1;103;39;Frutescens
84.68;2;0.56;1;0.78;4;0.14;10.76;0.09;0.21;3;4;8;0.01;114;41;Frutescens
91.83;2;0.73;1;0.85;4;0.04;10.55;0.1;0.13;6;4;8;0.05;119;31;Frutescens
84.04;3;0.68;2;0.85;6;0.12;11.24;0.2;0.16;5;5;8;0.01;107;34;Frutescens
82.56;3;0.57;2;0.85;5;0.09;10.78;0.28;0.37;6;3;8;0.14;110;31;Frutescens
81.46;4;0.5;1;0.73;4;0.13;9.17;0.32;0.24;5;4;9;0.11;116;53;Frutescens
82.41;4;0.7;2;0.63;3;0.12;9.6;0.2;0.35;5;4;9;0.18;112;32;Frutescens
80.73;2;0.66;3;0.66;3;0.02;10.67;0.4;0.6;5;5;5;0.01;108;38;Frutescens
83;2;0.59;3;0.7;3;0.11;10.26;0.42;0.49;3;4;7;0.18;116;35;Frutescens
88.18;2;0.5;3;0.69;3;0.1;10.06;0.01;0.34;4;5;7;0.05;120;24;Frutescens
84.82;4;0.41;1;0.57;3;0.14;10.09;0.22;0.25;6;3;9;0.08;112;39;Frutescens
84.84;5;0.57;2;0.86;4;0.11;10.77;0.11;0.43;4;4;10;0;117;38;Frutescens
77.02;4;0.42;3;0.56;4;0.06;10.52;0.27;0.72;6;6;8;0.23;109;41;Frutescens
85.11;4;0.35;2;0.78;5;0.04;11.45;0.15;0.09;5;6;8;0.02;111;41;Frutescens
82.36;2;0.7;1;0.81;5;0.05;11.73;0.19;0.31;6;4;7;0.19;107;33;Frutescens
80.54;3;0.49;2;0.95;4;0.12;10.15;0.23;0.21;6;3;8;0.11;108;44;Frutescens
83.92;3;0.5;2;0.84;4;0.14;10.49;0.14;0.5;8;4;8;0.15;116;34;Frutescens
85.25;4;0.41;2;0.78;5;0.16;10.78;0.14;0.3;4;3;7;0.17;109;48;Frutescens
78.13;4;0.6;2;0.6;4;0.08;9.9;0.38;0.48;4;4;9;0.1;120;36;Frutescens
86.27;3;0.63;1;0.73;3;0.2;12.19;0.22;0.19;3;4;7;0.06;119;18;Frutescens
84.43;4;0.43;1;0.79;4;0.12;10.21;0.27;0.42;4;4;9;0.12;120;27;Frutescens
79.2;4;0.56;1;0.6;4;0.25;9.87;0.31;0.4;3;4;8;0.1;108;46;Frutescens
84.52;1;0.36;2;0.56;4;0.2;10.66;0.01;0.39;4;5;8;0.04;110;39;Frutescens
82.3;2;0.32;3;0.77;3;0.07;10.69;0.42;0.32;7;3;9;0.08;112;35;Frutescens
80.38;3;0.61;1;0.78;2;0.01;10.69;0.21;0.48;6;4;7;0.17;115;36;Frutescens
81.16;3;0.46;2;0.68;4;0.09;10.68;0.22;0.48;3;4;5;0.14;113;37;Frutescens
85.36;2;0.45;1;0.9;3;0.06;10.9;0.2;0.45;5;3;8;0.03;113;38;Frutescens
91.74;4;0.51;3;0.86;4;0.1;10.56;0.12;0.35;4;2;6;0.17;126;18;Frutescens
83.58;4;0.47;1;0.69;3;0.15;10.22;0.16;0.47;5;4;7;0.14;113;31;Frutescens
89.79;2;0.56;1;0.59;4;0.08;10.04;0.04;0.33;4;5;9;0.09;127;32;Frutescens
82.92;6;0.65;2;0.9;3;0.16;9.96;0.35;0.43;4;4;9;0.17;115;22;Frutescens
35.73;3;1.44;4;0.65;8;0.13;7.78;1.53;1.96;7;1;7;0.15;32;11;Frutescens
36.57;2;1.65;3;0.93;4;0.15;8.14;2.08;2.44;8;2;10;0.28;29;12;Frutescens
42.96;3;1.22;4;0.44;6;0.31;7.41;1.07;1.32;7;4;9;0.09;39;10;Frutescens
40.53;3;1.42;4;0.64;5;0.28;7.65;1.39;1.58;7;1;7;0.22;35;10;Frutescens
36.39;4;1.56;3;0.83;5;0.24;8.09;0.97;1.09;6;2;8;0.19;32;11;Frutescens
41.05;3;1.55;4;0.85;6;0.07;8.32;1.5;1.76;6;1;10;0.27;33;11;Frutescens
37.79;3;1.64;3;0.55;5;0.06;7.68;2.03;2.61;7;2;7;0.16;31;12;Frutescens
38.39;4;1.49;4;0.92;6;0.33;8.84;1.14;0.95;8;1;9;0.09;32;11;Frutescens
40.32;4;1.34;1;0.76;7;0.07;7.8;1.18;1.44;7;3;8;0.06;34;10;Frutescens
42.12;4;1.47;3;0.58;6;0.1;7.78;1.43;1.94;5;1;8;0.1;36;10;Frutescens
41.73;2;1.54;4;0.7;6;0.06;8.42;1.24;1.42;7;2;8;0.16;35;10;Frutescens
45.97;5;1.22;3;0.84;6;0.26;8.13;0.95;1.22;8;1;7;0.27;39;9;Frutescens
38.48;3;1.36;3;0.7;6;0.33;8.06;1.58;1.99;5;2;9;0.07;30;11;Frutescens
36.04;2;1.53;2;0.82;6;0.44;7.97;1.29;1.61;7;2;8;0.31;32;11;Frutescens
38.12;4;1.38;4;0.75;6;0.16;7.2;1.57;1.71;7;1;7;0.1;34;11;Frutescens
40.84;4;1.41;4;0.79;7;0.36;7.73;1.28;1.52;5;2;7;0.11;36;10;Frutescens
39.29;3;1.67;3;0.98;7;0.39;8.76;1.26;1.36;6;3;9;0.01;32;11;Frutescens
44.88;5;1.27;2;0.79;8;0.24;8.19;1.26;1.41;9;2;7;0.25;37;10;Frutescens
35.81;3;1.28;2;0.92;4;0.32;6.44;1.28;1.61;7;1;9;0.16;34;11;Frutescens
39.45;4;1.22;4;1.05;5;0.13;8.12;1.12;1.11;7;1;6;0.03;34;10;Frutescens
41.97;3;1.63;2;1;4;0.3;9.39;1.92;2.08;6;2;7;0.34;30;11;Frutescens
42.09;3;1.4;1;0.73;6;0.27;7.28;1.22;1.37;6;2;9;0.08;38;10;Frutescens
40.29;4;1.52;2;0.91;7;0.25;8.22;1.29;1.38;7;2;7;0.15;33;11;Frutescens
41.54;3;1.69;3;0.82;3;0.3;8.93;1.67;1.79;10;1;7;0.09;33;11;Frutescens
41.25;3;1.39;4;0.93;5;0.25;8.14;1.56;1.73;7;2;9;0.31;34;11;Frutescens
41.88;2;1.45;2;1.27;6;0.24;8.7;1.19;1.02;7;1;9;0.38;33;10;Frutescens
44.52;3;1.26;2;0.69;8;0.08;7.79;1.22;1.45;7;2;6;0.16;37;10;Frutescens
41.33;3;1.62;4;0.77;8;0.27;8.07;1.39;1.97;8;2;8;0.18;35;11;Frutescens
41.22;2;1.43;2;0.79;6;0.21;7.61;0.79;0.9;7;1;7;0.06;36;10;Frutescens
40.27;3;1.5;1;1.15;6;0.18;8.55;1.98;2.25;7;2;9;0.2;30;12;Frutescens
96.66;2;1.02;2;0.55;2;0.1;11.63;0.85;1.2;6;2;7;0.09;160;105;Frutescens
93.63;4;0.73;1;0.51;5;0.14;12.01;0.93;1.3;4;3;6;0.1;141;109;Frutescens
61.45;2;0.72;3;0.69;3;0.16;11.03;0.71;1.14;7;5;7;0.15;126;74;Frutescens
66.11;1;0.65;1;0.86;5;0.32;15.62;0.4;0.83;4;4;7;0.16;111;86;Frutescens
77.45;1;0.81;1;0.6;3;0.09;12.47;0.68;1.03;5;3;8;0.16;128;95;Frutescens
78.93;3;0.87;1;0.85;3;0.1;12.59;0.99;1.06;6;4;8;0.15;143;91;Frutescens
76.5;2;0.74;3;0.61;4;0.4;14.81;0.73;0.98;6;1;7;0.11;132;95;Frutescens
87.38;1;0.58;3;0.79;5;0.18;13.54;0.44;0.81;3;5;8;0.02;129;101;Frutescens
101.36;2;0.66;2;0.55;4;0.16;13.09;0.58;1.04;4;5;8;0.21;138;110;Frutescens
68.02;2;0.56;1;0.81;4;0.26;17.97;0.21;0.3;4;3;8;0;106;90;Frutescens
83.22;3;0.87;2;0.78;4;0.16;13.34;0.74;1.23;5;3;7;0.1;136;101;Frutescens
81.33;3;0.56;1;0.66;4;0.05;16.1;0.34;0.43;2;5;7;0.06;139;91;Frutescens
67.66;1;1.11;3;0.72;3;0.15;10.4;1.12;1.5;6;5;7;0.06;140;88;Frutescens
70.79;2;0.93;2;0.68;4;0.17;13.08;0.97;1.17;6;5;6;0.05;125;94;Frutescens
85.23;2;0.67;2;0.5;2;0.08;13.71;0.6;0.85;6;4;6;0.11;134;98;Frutescens
68.36;2;1.08;1;0.61;5;0.3;11.95;0.9;1.31;5;4;7;0.08;137;91;Frutescens
87.88;1;0.95;1;0.64;3;0.06;12.4;0.82;1.28;4;4;7;0.08;143;100;Frutescens
78.94;4;0.58;2;0.77;5;0.16;13.36;0.28;0.74;4;4;7;0.13;135;81;Frutescens
66.12;3;0.76;3;0.82;4;0.33;13.21;0.57;0.9;4;3;7;0.1;119;81;Frutescens
65.53;2;0.67;2;0.77;4;0.15;15.18;0.5;0.67;4;5;5;0.06;114;83;Frutescens
90.38;2;0.5;2;0.76;4;0.1;16.23;0.35;0.59;6;4;6;0.15;127;105;Frutescens
77.61;3;0.98;1;0.79;6;0.16;14.19;0.76;0.85;8;4;6;0.2;140;92;Frutescens
58.85;3;0.71;2;0.76;4;0.17;14.77;0.55;0.77;5;2;5;0.05;111;82;Frutescens
54.22;4;0.85;1;0.81;6;0.14;13.92;0.53;0.84;5;6;6;0.14;114;76;Frutescens
84.46;3;0.86;1;0.71;2;0.06;13.07;0.56;0.8;6;4;6;0.23;134;93;Frutescens
85.73;2;1.11;2;0.68;3;0.14;11.25;0.97;1.24;7;4;6;0.09;149;99;Frutescens
87.43;3;0.86;1;0.75;4;0.32;11.81;0.94;1.29;5;5;7;0.19;133;104;Frutescens
67.44;4;0.92;2;0.79;3;0.07;12.55;0.68;1.12;5;5;8;0.23;126;91;Frutescens
74.32;1;0.79;1;0.81;3;0.2;16.25;0.39;0.64;6;3;8;0.05;115;98;Frutescens
92.54;2;0.91;2;0.59;4;0.24;10.78;0.88;1.58;5;3;6;0.04;155;100;Frutescens
